{
  "IcoMoonType": "selection",
  "icons": [
    {
      "icon": {
        "paths": [
          "M1081.088 32.64c21.087-20.39 49.85-32.955 81.549-32.955 64.216 0 116.387 51.568 117.362 115.551l0.001 0.092c0.025 0.903 0.039 1.967 0.039 3.033 0 30.879-11.782 59.005-31.097 80.13l0.082-0.091-626.432 787.712c-21.579 23.293-52.329 37.824-86.474 37.824-15.839 0-30.948-3.127-44.742-8.797l0.784 0.285c-15.261-6.312-28.282-15.144-39.161-26.105l-0.007-0.007-415.488-417.664c-23.173-21.67-37.615-52.427-37.615-86.558 0-16.045 3.192-31.345 8.975-45.299l-0.288 0.785c18.047-43.758 60.371-73.995 109.758-73.995 0.563 0 1.126 0.004 1.687 0.012l-0.085-0.001c33.209 0.62 62.953 14.953 83.899 37.556l0.069 0.076 328.832 330.496 545.28-698.624c1.038-1.25 2.084-2.377 3.188-3.444l-0.116-0.012z"
        ],
        "attrs": [
          {
            "fill": "rgb(244, 244, 253)"
          }
        ],
        "width": 1280,
        "isMulticolor": false,
        "isMulticolor2": false,
        "grid": 0,
        "tags": [
          "Checked"
        ]
      },
      "attrs": [
        {
          "fill": "rgb(244, 244, 253)"
        }
      ],
      "properties": {
        "order": 29,
        "id": 1,
        "name": "Checked",
        "prevSize": 32
      },
      "setIdx": 0,
      "setId": 5,
      "iconIdx": 0
    }
  ],
  "height": 1024,
  "preferences": {
    "showGlyphs": true,
    "showQuickUse": true,
    "showQuickUse2": true,
    "showSVGs": true,
    "fontPref": {
      "prefix": "icon-",
      "metadata": {
        "fontFamily": "icomoon"
      },
      "metrics": {
        "emSize": 1024,
        "baseline": 6.25,
        "whitespace": 50
      },
      "embed": false
    },
    "imagePref": {
      "prefix": "icon-",
      "png": true,
      "useClassSelector": true,
      "color": 0,
      "bgColor": 16777215,
      "classSelector": ".icon",
      "name": "icomoon"
    },
    "historySize": 50,
    "showCodes": true,
    "gridSize": 16
  }
}